initial_facts,write_while_held,sample,copy_on_write,ns_per_iteration
0,false,0,false,98868
0,false,0,true,64
0,false,1,true,50
0,false,1,false,88027
0,false,2,false,87529
0,false,2,true,29
0,false,3,true,33
0,false,3,false,86114
0,false,4,false,88637
0,false,4,true,27
0,false,5,true,29
0,false,5,false,88145
0,false,6,false,88829
0,false,6,true,29
0,false,7,true,29
0,false,7,false,89829
0,true,0,false,94833
0,true,0,true,104393
0,true,1,true,116260
0,true,1,false,100000
0,true,2,false,96983
0,true,2,true,101968
0,true,3,true,96518
0,true,3,false,94191
0,true,4,false,94839
0,true,4,true,104933
0,true,5,true,98645
0,true,5,false,93352
0,true,6,false,93564
0,true,6,true,96995
0,true,7,true,96587
0,true,7,false,94343
100,false,0,false,110150
100,false,0,true,39
100,false,1,true,29
100,false,1,false,109902
100,false,2,false,108820
100,false,2,true,31
100,false,3,true,18
100,false,3,false,107606
100,false,4,false,111666
100,false,4,true,29
100,false,5,true,22
100,false,5,false,126766
100,false,6,false,123302
100,false,6,true,35
100,false,7,true,25
100,false,7,false,108625
100,true,0,false,114360
100,true,0,true,111393
100,true,1,true,109745
100,true,1,false,106516
100,true,2,false,107166
100,true,2,true,114912
100,true,3,true,111681
100,true,3,false,108804
100,true,4,false,108308
100,true,4,true,110835
100,true,5,true,111743
100,true,5,false,106172
100,true,6,false,108385
100,true,6,true,112804
100,true,7,true,112581
100,true,7,false,106956
1000,false,0,false,266904
1000,false,0,true,20
1000,false,1,true,20
1000,false,1,false,259827
1000,false,2,false,257214
1000,false,2,true,22
1000,false,3,true,18
1000,false,3,false,259179
1000,false,4,false,254997
1000,false,4,true,22
1000,false,5,true,16
1000,false,5,false,252527
1000,false,6,false,254914
1000,false,6,true,18
1000,false,7,true,18
1000,false,7,false,259775
1000,true,0,false,266918
1000,true,0,true,260064
1000,true,1,true,261733
1000,true,1,false,258385
1000,true,2,false,256589
1000,true,2,true,266918
1000,true,3,true,262691
1000,true,3,false,258750
1000,true,4,false,254312
1000,true,4,true,259400
1000,true,5,true,258529
1000,true,5,false,267627
1000,true,6,false,262064
1000,true,6,true,261525
1000,true,7,true,260172
1000,true,7,false,255318
10000,false,0,false,2341964
10000,false,0,true,52
10000,false,1,true,22
10000,false,1,false,2065643
10000,false,2,false,2265537
10000,false,2,true,35
10000,false,3,true,16
10000,false,3,false,1945035
10000,false,4,false,1935472
10000,false,4,true,29
10000,false,5,true,33
10000,false,5,false,2079147
10000,false,6,false,1929937
10000,false,6,true,31
10000,false,7,true,20
10000,false,7,false,2260689
10000,true,0,false,2512910
10000,true,0,true,1946325
10000,true,1,true,1811158
10000,true,1,false,1761318
10000,true,2,false,1775556
10000,true,2,true,1818443
10000,true,3,true,1995539
10000,true,3,false,1953429
10000,true,4,false,1889695
10000,true,4,true,1834789
10000,true,5,true,1787112
10000,true,5,false,1763345
10000,true,6,false,1806016
10000,true,6,true,1876052
10000,true,7,true,1918400
10000,true,7,false,1806189
